iter	Logloss
0	0.6899924457
1	0.6868456334
2	0.6836814518
3	0.6805703488
4	0.6774653417
5	0.6744517404
6	0.6714330947
7	0.6684650868
8	0.6655893899
9	0.6626013238
10	0.6597743906
11	0.6569398373
12	0.6541184764
13	0.6513239547
14	0.6486229368
15	0.6458568653
16	0.6431686698
17	0.640524944
18	0.637938844
