iter	Logloss
0	0.6799547257
1	0.66933307
2	0.6601866629
3	0.6527663073
4	0.6458320309
5	0.6404293405
6	0.6358365792
7	0.6319294141
8	0.6282329847
9	0.6251876866
10	0.6222973569
11	0.619837012
12	0.6177343304
